,type,sender_parent,sender_name,receiver_parent,receiver_name,payload,state,tick,triggerId
12942,transition,BeamMobsim.iteration,scheduler,population/013101-2013001313378-0,013101-2013001313378-0-3103701,Uninitialized,Initialized,-1111.0,-1111
12943,event,BeamMobsim.iteration,scheduler,population/013101-2013001313378-0,013101-2013001313378-0-3103701,"TriggerWithId(InitializeTrigger(0),4730)","BasePersonData(0,None,List(),Vector(),None,None,,0,false,0.0,0,None)",-1111.0,-1111
17989,message,population/013101-2013001313378-0,013101-2013001313378-0-3103701,BeamMobsim.iteration,scheduler,"CompletionNotice(4730,Vector(ScheduleTrigger(ActivityStartTrigger(0),Actor[akka://ClusterSystem/user/BeamMobsim.iteration/population/013101-2013001313378-0/013101-2013001313378-0-3103701#-1051906150],0)))",,,-9998
18178,transition,BeamMobsim.iteration,scheduler,population/013101-2013001313378-0,013101-2013001313378-0-3103701,Initialized,PerformingActivity,-1111.0,-1111
18180,event,BeamMobsim.iteration,scheduler,population/013101-2013001313378-0,013101-2013001313378-0-3103701,"TriggerWithId(ActivityStartTrigger(0),6873)","BasePersonData(0,None,List(),Vector(),None,None,,0,false,0.0,0,None)",-1111.0,-1111
20314,message,population/013101-2013001313378-0,013101-2013001313378-0-3103701,BeamMobsim.iteration,scheduler,"CompletionNotice(6873,Vector(ScheduleTrigger(ActivityEndTrigger(25500),Actor[akka://ClusterSystem/user/BeamMobsim.iteration/population/013101-2013001313378-0/013101-2013001313378-0-3103701#-1051906150],0)))",,,-9998
304071,transition,BeamMobsim.iteration,scheduler,population/013101-2013001313378-0,013101-2013001313378-0-3103701,PerformingActivity,ChoosingMode,25500.0,8255
304084,message,population/013101-2013001313378-0,013101-2013001313378-0-3103701,population/013101-2013001313378-0,Car,"MobilityStatusInquiry(013101-2013001313378-0-3103701,SpaceTime([x=550477.409429013][y=4183231.4539845493],25500),[type=Home][coord=[x=550477.409429013][y=4183231.4539845493]][linkId=null][startTime=undefined][endTime=07:05:00][duration=undefined][facilityId=null],8255)",,,8255
304101,message,population/013101-2013001313378-0,013101-2013001313378-0-3103701,population/013101-2013001313378-0,Bike,"MobilityStatusInquiry(013101-2013001313378-0-3103701,SpaceTime([x=550477.409429013][y=4183231.4539845493],25500),[type=Home][coord=[x=550477.409429013][y=4183231.4539845493]][linkId=null][startTime=undefined][endTime=07:05:00][duration=undefined][facilityId=null],8255)",,,8255
304109,message,population/013101-2013001313378-0,013101-2013001313378-0-3103701,BeamMobsim.iteration,bay_wheels,"MobilityStatusInquiry(013101-2013001313378-0-3103701,SpaceTime([x=550477.409429013][y=4183231.4539845493],25500),[type=Home][coord=[x=550477.409429013][y=4183231.4539845493]][linkId=null][startTime=undefined][endTime=07:05:00][duration=undefined][facilityId=null],8255)",,,8255
304118,event,BeamMobsim.iteration,scheduler,population/013101-2013001313378-0,013101-2013001313378-0-3103701,"TriggerWithId(ActivityEndTrigger(25500),8255)","BasePersonData(0,None,List(),Vector(),None,None,,0,false,0.0,0,None)",25500.0,8255
304207,message,population/013101-2013001313378-0,Car,population/013101-2013001313378-0,013101-2013001313378-0-3103701,"MobilityStatusResponse(Vector(ActualVehicle(731-0 (Car,1000.0km))),8255)",,,8255
304208,message,population/013101-2013001313378-0,Bike,population/013101-2013001313378-0,013101-2013001313378-0-3103701,"MobilityStatusResponse(Vector(ActualVehicle(731-1 (FAST-BIKE,208.49056603773585km))),8255)",,,8255
304209,message,BeamMobsim.iteration,bay_wheels,population/013101-2013001313378-0,013101-2013001313378-0-3103701,"MobilityStatusResponse(Vector(Token(bay_wheels-108,Actor[akka://ClusterSystem/user/BeamMobsim.iteration/bay_wheels#-1812487668],bay_wheels-108 (sharedVehicle-sharedBike,Infinitykm)), Token(bay_wheels-38,Actor[akka://ClusterSystem/user/BeamMobsim.iteration/bay_wheels#-1812487668],bay_wheels-38 (sharedVehicle-sharedBike,Infinitykm))),8255)",,,8255
304269,event,population/013101-2013001313378-0,013101-2013001313378-0-3103701,population/013101-2013001313378-0,013101-2013001313378-0-3103701,"MobilityStatusResponse(Vector(ActualVehicle(731-0 (Car,1000.0km)), ActualVehicle(731-1 (FAST-BIKE,208.49056603773585km)), Token(bay_wheels-108,Actor[akka://ClusterSystem/user/BeamMobsim.iteration/bay_wheels#-1812487668],bay_wheels-108 (sharedVehicle-sharedBike,Infinitykm)), Token(bay_wheels-38,Actor[akka://ClusterSystem/user/BeamMobsim.iteration/bay_wheels#-1812487668],bay_wheels-38 (sharedVehicle-sharedBike,Infinitykm))),8255)","ChoosesModeData(BasePersonData(0,None,List(),Vector(),None,None,,0,false,0.0,0,None),SpaceTime([x=550477.409429013][y=4183231.4539845493],25500),None,None,Map(),Map(),None,None,None,None,None,None,None,Vector(),None,false,None,Vector(),None,false,Map())",25500.0,8255
304275,message,population/013101-2013001313378-0,013101-2013001313378-0-3103701,,router,"RoutingRequest([x=550477.409429013][y=4183231.4539845493],[x=553370.4532569719][y=4182491.7141969427],26400,true,Some(013101-2013001313378-0-3103701),Vector(StreetVehicle(body-013101-2013001313378-0-3103701,BODY-TYPE-DEFAULT,SpaceTime([x=550477.409429013][y=4183231.4539845493],25500),WALK,true,false), StreetVehicle(dummyRH,Car,SpaceTime([x=550477.409429013][y=4183231.4539845493],26400),CAR,false,true)),None,AccessAndEgress,1186,Vector(),8255)",,,8255
304277,message,population/013101-2013001313378-0,013101-2013001313378-0-3103701,,router,"RoutingRequest([x=550477.409429013][y=4183231.4539845493],[x=553370.4532569719][y=4182491.7141969427],25500,true,Some(013101-2013001313378-0-3103701),Vector(StreetVehicle(731-0,Car,SpaceTime([x=550477.409429013][y=4183231.4539845493],0),CAR,true,true), StreetVehicle(731-1,FAST-BIKE,SpaceTime([x=550477.409429013][y=4183231.4539845493],0),BIKE,true,false), StreetVehicle(bay_wheels-108,sharedVehicle-sharedBike,SpaceTime([x=550825.7571163874][y=4182745.333417953],0),BIKE,true,false), StreetVehicle(bay_wheels-38,sharedVehicle-sharedBike,SpaceTime([x=552731.1468381499][y=4183040.132954914],0),BIKE,true,false), StreetVehicle(body-013101-2013001313378-0-3103701,BODY-TYPE-DEFAULT,SpaceTime([x=550477.409429013][y=4183231.4539845493],25500),WALK,true,false)),Some(AttributesOfIndividual(HouseholdAttributes(013101-2013001313378-0,91146.0,1,1,1),None,true,List(CAR, CAV, WALK, BIKE, TRANSIT, RIDE_HAIL, RIDE_HAIL_POOLED, RIDE_HAIL_TRANSIT, DRIVE_TRANSIT, WALK_TRANSIT, BIKE_TRANSIT),14.540979040428327,Some(53),Some(0.0))),Access,1187,Vector(StreetVehicle(dummySharedBike,sharedVehicle-sharedBike,SpaceTime([x=0.0][y=0.0],0),BIKE,true,true)),8255)",,,8255
306000,message,population/013101-2013001313378-0,013101-2013001313378-0-3103701,BeamMobsim.iteration,RideHailManager,"RideHailRequest(id: 259, type: RideHailInquiry, customer: 013101-2013001313378-0-3103701, pickup: [x=550477.409429013][y=4183231.4539845493], time: 25500, dest: [x=553370.4532569719][y=4182491.7141969427])",,,8255
306001,message,BeamMobsim.iteration,RideHailManager,,router,"RoutingRequest([x=551499.8045852361][y=4183354.3032486807],[x=550477.4138824343][y=4183231.4429145977],25600,false,Some(013101-2013001313378-0-3103701),Vector(StreetVehicle(rideHailVehicle-010800-2014000531215-0-7815054@default,Car-rh-only,SpaceTime([x=551499.8045852361][y=4183354.3032486807],25600),CAR,false,true)),None,Access,1200,Vector(),8255)",,,8255
306003,message,BeamMobsim.iteration,RideHailManager,,router,"RoutingRequest([x=550477.4138824343][y=4183231.4429145977],[x=553370.4665064354][y=4182491.697607107],25600,false,Some(013101-2013001313378-0-3103701),Vector(StreetVehicle(rideHailVehicle-010800-2014000531215-0-7815054@default,Car-rh-only,SpaceTime([x=550477.4138824343][y=4183231.4429145977],25600),CAR,false,true)),None,Access,1201,Vector(),8255)",,,8255
306077,message,,router,BeamMobsim.iteration,RideHailManager,"RoutingResponse(ArrayBuffer(EmbodiedBeamTrip(RIDE_HAIL starts 25600 legModes CAR)),1200,Some(RoutingRequest([x=551499.8045852361][y=4183354.3032486807],[x=550477.4138824343][y=4183231.4429145977],25600,false,Some(013101-2013001313378-0-3103701),Vector(StreetVehicle(rideHailVehicle-010800-2014000531215-0-7815054@default,Car-rh-only,SpaceTime([x=551499.8045852361][y=4183354.3032486807],25600),CAR,false,true)),None,Access,1200,Vector(),8255)),false,8255)",,,8255
306078,message,,router,BeamMobsim.iteration,RideHailManager,"RoutingResponse(ArrayBuffer(EmbodiedBeamTrip(RIDE_HAIL starts 25600 legModes CAR)),1201,Some(RoutingRequest([x=550477.4138824343][y=4183231.4429145977],[x=553370.4665064354][y=4182491.697607107],25600,false,Some(013101-2013001313378-0-3103701),Vector(StreetVehicle(rideHailVehicle-010800-2014000531215-0-7815054@default,Car-rh-only,SpaceTime([x=550477.4138824343][y=4183231.4429145977],25600),CAR,false,true)),None,Access,1201,Vector(),8255)),false,8255)",,,8255
306079,message,BeamMobsim.iteration,RideHailManager,BeamMobsim.iteration,RideHailManager,"RoutingResponses(25600,List(RoutingResponse(ArrayBuffer(EmbodiedBeamTrip(RIDE_HAIL starts 25600 legModes CAR)),1200,Some(RoutingRequest([x=551499.8045852361][y=4183354.3032486807],[x=550477.4138824343][y=4183231.4429145977],25600,false,Some(013101-2013001313378-0-3103701),Vector(StreetVehicle(rideHailVehicle-010800-2014000531215-0-7815054@default,Car-rh-only,SpaceTime([x=551499.8045852361][y=4183354.3032486807],25600),CAR,false,true)),None,Access,1200,Vector(),8255)),false,8255), RoutingResponse(ArrayBuffer(EmbodiedBeamTrip(RIDE_HAIL starts 25600 legModes CAR)),1201,Some(RoutingRequest([x=550477.4138824343][y=4183231.4429145977],[x=553370.4665064354][y=4182491.697607107],25600,false,Some(013101-2013001313378-0-3103701),Vector(StreetVehicle(rideHailVehicle-010800-2014000531215-0-7815054@default,Car-rh-only,SpaceTime([x=550477.4138824343][y=4183231.4429145977],25600),CAR,false,true)),None,Access,1201,Vector(),8255)),false,8255)))",,,8255
306080,event,BeamMobsim.iteration,RideHailManager,population/013101-2013001313378-0,013101-2013001313378-0-3103701,"RideHailResponse(request: RideHailRequest(id: 259, type: RideHailInquiry, customer: 013101-2013001313378-0-3103701, pickup: [x=550477.4138824343][y=4183231.4429145977], time: 25600, dest: [x=553370.4665064354][y=4182491.697607107]), error: None, travelProposal: Some(RHA: rideHailVehicle-010800-2014000531215-0-7815054@default, price: Map(013101-2013001313378-0-3103701 -> 7.337049436503005), passengerSchedule: BeamLeg(CAR @ 25600,dur:92,path: 56295 .. 30910) -> [0riders;0boarders;0alighters]--BeamLeg(CAR @ 25692,dur:275,path: 30911 .. 59638) -> [1riders;1boarders;1alighters]))","ChoosesModeData(BasePersonData(0,None,List(),Vector(),None,None,,0,false,0.0,0,None),SpaceTime([x=550477.409429013][y=4183231.4539845493],25500),None,None,Map(),Map(),None,None,Some(1186),None,None,None,None,Vector(ActualVehicle(731-0 (Car,1000.0km)), ActualVehicle(731-1 (FAST-BIKE,208.49056603773585km)), Token(bay_wheels-108,Actor[akka://ClusterSystem/user/BeamMobsim.iteration/bay_wheels#-1812487668],bay_wheels-108 (sharedVehicle-sharedBike,Infinitykm)), Token(bay_wheels-38,Actor[akka://ClusterSystem/user/BeamMobsim.iteration/bay_wheels#-1812487668],bay_wheels-38 (sharedVehicle-sharedBike,Infinitykm))),None,false,Some(CavTripLegsResponse(None,List())),Vector(),None,false,Map())",25500.0,8255
306116,event,,router,population/013101-2013001313378-0,013101-2013001313378-0-3103701,"RoutingResponse(ArrayBuffer(),1186,Some(RoutingRequest([x=550477.409429013][y=4183231.4539845493],[x=553370.4532569719][y=4182491.7141969427],26400,true,Some(013101-2013001313378-0-3103701),Vector(StreetVehicle(body-013101-2013001313378-0-3103701,BODY-TYPE-DEFAULT,SpaceTime([x=550477.409429013][y=4183231.4539845493],25500),WALK,true,false), StreetVehicle(dummyRH,Car,SpaceTime([x=550477.409429013][y=4183231.4539845493],26400),CAR,false,true)),None,AccessAndEgress,1186,Vector(),8255)),false,8255)","ChoosesModeData(BasePersonData(0,None,List(),Vector(),None,None,,0,false,0.0,0,None),SpaceTime([x=550477.409429013][y=4183231.4539845493],25500),None,None,Map(),Map(),Some(RideHailResponse(request: RideHailRequest(id: 259, type: RideHailInquiry, customer: 013101-2013001313378-0-3103701, pickup: [x=550477.4138824343][y=4183231.4429145977], time: 25600, dest: [x=553370.4665064354][y=4182491.697607107]), error: None, travelProposal: Some(RHA: rideHailVehicle-010800-2014000531215-0-7815054@default, price: Map(013101-2013001313378-0-3103701 -> 7.337049436503005), passengerSchedule: BeamLeg(CAR @ 25600,dur:92,path: 56295 .. 30910) -> [0riders;0boarders;0alighters]--BeamLeg(CAR @ 25692,dur:275,path: 30911 .. 59638) -> [1riders;1boarders;1alighters]))),None,Some(1186),None,None,None,None,Vector(ActualVehicle(731-0 (Car,1000.0km)), ActualVehicle(731-1 (FAST-BIKE,208.49056603773585km)), Token(bay_wheels-108,Actor[akka://ClusterSystem/user/BeamMobsim.iteration/bay_wheels#-1812487668],bay_wheels-108 (sharedVehicle-sharedBike,Infinitykm)), Token(bay_wheels-38,Actor[akka://ClusterSystem/user/BeamMobsim.iteration/bay_wheels#-1812487668],bay_wheels-38 (sharedVehicle-sharedBike,Infinitykm))),None,false,Some(CavTripLegsResponse(None,List())),Vector(),None,false,Map())",25500.0,8255
306229,message,population/013101-2013001313378-0,013101-2013001313378-0-3103701,BeamMobsim.iteration,ParkingNetworkManager,"ParkingInquiry([x=553347.0340596505][y=4182514.990381259],Work,Some(731-0 (Car,1000.0km)),None,14.540979040428327,35065.0,false,3774,8255)",,,8255
306230,event,,router,population/013101-2013001313378-0,013101-2013001313378-0-3103701,"RoutingResponse(ArrayBuffer(EmbodiedBeamTrip(BIKE starts 25500 legModes WALK,BIKE,WALK), EmbodiedBeamTrip(CAR starts 25500 legModes WALK,CAR,WALK), EmbodiedBeamTrip(WALK starts 25500 legModes WALK), EmbodiedBeamTrip(WALK_TRANSIT starts 25985 legModes WALK,BUS,WALK,BUS,WALK)),1187,Some(RoutingRequest([x=550477.409429013][y=4183231.4539845493],[x=553370.4532569719][y=4182491.7141969427],25500,true,Some(013101-2013001313378-0-3103701),Vector(StreetVehicle(731-0,Car,SpaceTime([x=550477.409429013][y=4183231.4539845493],0),CAR,true,true), StreetVehicle(731-1,FAST-BIKE,SpaceTime([x=550477.409429013][y=4183231.4539845493],0),BIKE,true,false), StreetVehicle(bay_wheels-108,sharedVehicle-sharedBike,SpaceTime([x=550825.7571163874][y=4182745.333417953],0),BIKE,true,false), StreetVehicle(bay_wheels-38,sharedVehicle-sharedBike,SpaceTime([x=552731.1468381499][y=4183040.132954914],0),BIKE,true,false), StreetVehicle(body-013101-2013001313378-0-3103701,BODY-TYPE-DEFAULT,SpaceTime([x=550477.409429013][y=4183231.4539845493],25500),WALK,true,false)),Some(AttributesOfIndividual(HouseholdAttributes(013101-2013001313378-0,91146.0,1,1,1),None,true,List(CAR, CAV, WALK, BIKE, TRANSIT, RIDE_HAIL, RIDE_HAIL_POOLED, RIDE_HAIL_TRANSIT, DRIVE_TRANSIT, WALK_TRANSIT, BIKE_TRANSIT),14.540979040428327,Some(53),Some(0.0))),Access,1187,Vector(StreetVehicle(dummySharedBike,sharedVehicle-sharedBike,SpaceTime([x=0.0][y=0.0],0),BIKE,true,true)),8255)),false,8255)","ChoosesModeData(BasePersonData(0,None,List(),Vector(),None,None,,0,false,0.0,0,None),SpaceTime([x=550477.409429013][y=4183231.4539845493],25500),None,None,Map(),Map(),Some(RideHailResponse(request: RideHailRequest(id: 259, type: RideHailInquiry, customer: 013101-2013001313378-0-3103701, pickup: [x=550477.4138824343][y=4183231.4429145977], time: 25600, dest: [x=553370.4665064354][y=4182491.697607107]), error: None, travelProposal: Some(RHA: rideHailVehicle-010800-2014000531215-0-7815054@default, price: Map(013101-2013001313378-0-3103701 -> 7.337049436503005), passengerSchedule: BeamLeg(CAR @ 25600,dur:92,path: 56295 .. 30910) -> [0riders;0boarders;0alighters]--BeamLeg(CAR @ 25692,dur:275,path: 30911 .. 59638) -> [1riders;1boarders;1alighters]))),Some(EmbodiedBeamTrip(WALK starts empty legModes )),Some(1186),Some(RideHailResponse(request: RideHailRequest(id: 0, type: RideHailInquiry, customer: dummy, pickup: [x=NaN][y=NaN], time: 2147483647, dest: [x=NaN][y=NaN]), error: Some(RideHailNotRequestedError), travelProposal: None)),None,Some(RideHailResponse(request: RideHailRequest(id: 0, type: RideHailInquiry, customer: dummy, pickup: [x=NaN][y=NaN], time: 2147483647, dest: [x=NaN][y=NaN]), error: Some(RideHailNotRequestedError), travelProposal: None)),None,Vector(ActualVehicle(731-0 (Car,1000.0km)), ActualVehicle(731-1 (FAST-BIKE,208.49056603773585km)), Token(bay_wheels-108,Actor[akka://ClusterSystem/user/BeamMobsim.iteration/bay_wheels#-1812487668],bay_wheels-108 (sharedVehicle-sharedBike,Infinitykm)), Token(bay_wheels-38,Actor[akka://ClusterSystem/user/BeamMobsim.iteration/bay_wheels#-1812487668],bay_wheels-38 (sharedVehicle-sharedBike,Infinitykm))),None,false,Some(CavTripLegsResponse(None,List())),Vector(),None,false,Map())",25500.0,8255
306231,transition,BeamMobsim.iteration,ParkingNetworkManager,population/013101-2013001313378-0,013101-2013001313378-0-3103701,ChoosingMode,FinishingModeChoice,25500.0,8255
306232,event,BeamMobsim.iteration,ParkingNetworkManager,population/013101-2013001313378-0,013101-2013001313378-0-3103701,"ParkingInquiryResponse(ParkingStall(10009B,10009B,4968,[x=553270.6789964907][y=4182579.330281885],0.0,None,Some(Block),Workplace,private),3774,8255)","ChoosesModeData(BasePersonData(0,None,List(),Vector(),None,None,,0,false,0.0,0,None),SpaceTime([x=550477.409429013][y=4183231.4539845493],25500),None,Some(RoutingResponse(ArrayBuffer(EmbodiedBeamTrip(BIKE starts 25500 legModes WALK,BIKE,WALK), EmbodiedBeamTrip(CAR starts 25500 legModes WALK,CAR,CAR,WALK), EmbodiedBeamTrip(WALK starts 25500 legModes WALK), EmbodiedBeamTrip(WALK_TRANSIT starts 25985 legModes WALK,BUS,WALK,BUS,WALK)),1187,Some(RoutingRequest([x=550477.409429013][y=4183231.4539845493],[x=553370.4532569719][y=4182491.7141969427],25500,true,Some(013101-2013001313378-0-3103701),Vector(StreetVehicle(731-0,Car,SpaceTime([x=550477.409429013][y=4183231.4539845493],0),CAR,true,true), StreetVehicle(731-1,FAST-BIKE,SpaceTime([x=550477.409429013][y=4183231.4539845493],0),BIKE,true,false), StreetVehicle(bay_wheels-108,sharedVehicle-sharedBike,SpaceTime([x=550825.7571163874][y=4182745.333417953],0),BIKE,true,false), StreetVehicle(bay_wheels-38,sharedVehicle-sharedBike,SpaceTime([x=552731.1468381499][y=4183040.132954914],0),BIKE,true,false), StreetVehicle(body-013101-2013001313378-0-3103701,BODY-TYPE-DEFAULT,SpaceTime([x=550477.409429013][y=4183231.4539845493],25500),WALK,true,false)),Some(AttributesOfIndividual(HouseholdAttributes(013101-2013001313378-0,91146.0,1,1,1),None,true,List(CAR, CAV, WALK, BIKE, TRANSIT, RIDE_HAIL, RIDE_HAIL_POOLED, RIDE_HAIL_TRANSIT, DRIVE_TRANSIT, WALK_TRANSIT, BIKE_TRANSIT),14.540979040428327,Some(53),Some(0.0))),Access,1187,Vector(StreetVehicle(dummySharedBike,sharedVehicle-sharedBike,SpaceTime([x=0.0][y=0.0],0),BIKE,true,true)),8255)),false,8255)),Map(),Map(3774 -> VehicleOnTrip(731-0,TripIdentifier(CAR,Vector(CAR)))),Some(RideHailResponse(request: RideHailRequest(id: 259, type: RideHailInquiry, customer: 013101-2013001313378-0-3103701, pickup: [x=550477.4138824343][y=4183231.4429145977], time: 25600, dest: [x=553370.4665064354][y=4182491.697607107]), error: None, travelProposal: Some(RHA: rideHailVehicle-010800-2014000531215-0-7815054@default, price: Map(013101-2013001313378-0-3103701 -> 7.337049436503005), passengerSchedule: BeamLeg(CAR @ 25600,dur:92,path: 56295 .. 30910) -> [0riders;0boarders;0alighters]--BeamLeg(CAR @ 25692,dur:275,path: 30911 .. 59638) -> [1riders;1boarders;1alighters]))),Some(EmbodiedBeamTrip(WALK starts empty legModes )),Some(1186),Some(RideHailResponse(request: RideHailRequest(id: 0, type: RideHailInquiry, customer: dummy, pickup: [x=NaN][y=NaN], time: 2147483647, dest: [x=NaN][y=NaN]), error: Some(RideHailNotRequestedError), travelProposal: None)),None,Some(RideHailResponse(request: RideHailRequest(id: 0, type: RideHailInquiry, customer: dummy, pickup: [x=NaN][y=NaN], time: 2147483647, dest: [x=NaN][y=NaN]), error: Some(RideHailNotRequestedError), travelProposal: None)),None,Vector(ActualVehicle(731-0 (Car,1000.0km)), ActualVehicle(731-1 (FAST-BIKE,208.49056603773585km)), Token(bay_wheels-108,Actor[akka://ClusterSystem/user/BeamMobsim.iteration/bay_wheels#-1812487668],bay_wheels-108 (sharedVehicle-sharedBike,Infinitykm)), Token(bay_wheels-38,Actor[akka://ClusterSystem/user/BeamMobsim.iteration/bay_wheels#-1812487668],bay_wheels-38 (sharedVehicle-sharedBike,Infinitykm))),None,false,Some(CavTripLegsResponse(None,List())),Vector(),None,true,Map())",25500.0,8255
306233,message,population/013101-2013001313378-0,013101-2013001313378-0-3103701,population/013101-2013001313378-0,Car,"ReleaseVehicle(731-0 (Car,1000.0km),-1111)",,,-1111
306234,transition,population/013101-2013001313378-0,013101-2013001313378-0-3103701,population/013101-2013001313378-0,013101-2013001313378-0-3103701,FinishingModeChoice,WaitingForDeparture,-1111.0,-1111
306235,event,population/013101-2013001313378-0,013101-2013001313378-0-3103701,population/013101-2013001313378-0,013101-2013001313378-0-3103701,StateTimeout,"ChoosesModeData(BasePersonData(0,None,List(),Vector(),None,None,,0,false,0.0,0,None),SpaceTime([x=550477.409429013][y=4183231.4539845493],25500),Some(EmbodiedBeamTrip(BIKE starts 25500 legModes WALK,BIKE,WALK)),Some(RoutingResponse(ArrayBuffer(EmbodiedBeamTrip(BIKE starts 25500 legModes WALK,BIKE,WALK), EmbodiedBeamTrip(CAR starts 25500 legModes WALK,CAR,CAR,WALK), EmbodiedBeamTrip(WALK starts 25500 legModes WALK), EmbodiedBeamTrip(WALK_TRANSIT starts 25985 legModes WALK,BUS,WALK,BUS,WALK)),1187,Some(RoutingRequest([x=550477.409429013][y=4183231.4539845493],[x=553370.4532569719][y=4182491.7141969427],25500,true,Some(013101-2013001313378-0-3103701),Vector(StreetVehicle(731-0,Car,SpaceTime([x=550477.409429013][y=4183231.4539845493],0),CAR,true,true), StreetVehicle(731-1,FAST-BIKE,SpaceTime([x=550477.409429013][y=4183231.4539845493],0),BIKE,true,false), StreetVehicle(bay_wheels-108,sharedVehicle-sharedBike,SpaceTime([x=550825.7571163874][y=4182745.333417953],0),BIKE,true,false), StreetVehicle(bay_wheels-38,sharedVehicle-sharedBike,SpaceTime([x=552731.1468381499][y=4183040.132954914],0),BIKE,true,false), StreetVehicle(body-013101-2013001313378-0-3103701,BODY-TYPE-DEFAULT,SpaceTime([x=550477.409429013][y=4183231.4539845493],25500),WALK,true,false)),Some(AttributesOfIndividual(HouseholdAttributes(013101-2013001313378-0,91146.0,1,1,1),None,true,List(CAR, CAV, WALK, BIKE, TRANSIT, RIDE_HAIL, RIDE_HAIL_POOLED, RIDE_HAIL_TRANSIT, DRIVE_TRANSIT, WALK_TRANSIT, BIKE_TRANSIT),14.540979040428327,Some(53),Some(0.0))),Access,1187,Vector(StreetVehicle(dummySharedBike,sharedVehicle-sharedBike,SpaceTime([x=0.0][y=0.0],0),BIKE,true,true)),8255)),false,8255)),Map(VehicleOnTrip(731-0,TripIdentifier(CAR,Vector(CAR))) -> ParkingInquiryResponse(ParkingStall(10009B,10009B,4968,[x=553270.6789964907][y=4182579.330281885],0.0,None,Some(Block),Workplace,private),3774,8255)),Map(3774 -> VehicleOnTrip(731-0,TripIdentifier(CAR,Vector(CAR)))),Some(RideHailResponse(request: RideHailRequest(id: 259, type: RideHailInquiry, customer: 013101-2013001313378-0-3103701, pickup: [x=550477.4138824343][y=4183231.4429145977], time: 25600, dest: [x=553370.4665064354][y=4182491.697607107]), error: None, travelProposal: Some(RHA: rideHailVehicle-010800-2014000531215-0-7815054@default, price: Map(013101-2013001313378-0-3103701 -> 7.337049436503005), passengerSchedule: BeamLeg(CAR @ 25600,dur:92,path: 56295 .. 30910) -> [0riders;0boarders;0alighters]--BeamLeg(CAR @ 25692,dur:275,path: 30911 .. 59638) -> [1riders;1boarders;1alighters]))),Some(EmbodiedBeamTrip(WALK starts empty legModes )),Some(1186),Some(RideHailResponse(request: RideHailRequest(id: 0, type: RideHailInquiry, customer: dummy, pickup: [x=NaN][y=NaN], time: 2147483647, dest: [x=NaN][y=NaN]), error: Some(RideHailNotRequestedError), travelProposal: None)),None,Some(RideHailResponse(request: RideHailRequest(id: 0, type: RideHailInquiry, customer: dummy, pickup: [x=NaN][y=NaN], time: 2147483647, dest: [x=NaN][y=NaN]), error: Some(RideHailNotRequestedError), travelProposal: None)),None,Vector(ActualVehicle(731-0 (Car,1000.0km)), ActualVehicle(731-1 (FAST-BIKE,208.49056603773585km)), Token(bay_wheels-108,Actor[akka://ClusterSystem/user/BeamMobsim.iteration/bay_wheels#-1812487668],bay_wheels-108 (sharedVehicle-sharedBike,Infinitykm)), Token(bay_wheels-38,Actor[akka://ClusterSystem/user/BeamMobsim.iteration/bay_wheels#-1812487668],bay_wheels-38 (sharedVehicle-sharedBike,Infinitykm))),None,false,Some(CavTripLegsResponse(None,List())),Vector(),Some(RIDE_HAIL:RIDE_HAIL_POOLED:BIKE:CAR:WALK:WALK_TRANSIT),true,Map())",-1111.0,-1111
306236,message,population/013101-2013001313378-0,013101-2013001313378-0-3103701,BeamMobsim.iteration,scheduler,"CompletionNotice(8255,Vector(ScheduleTrigger(PersonDepartureTrigger(25500),Actor[akka://ClusterSystem/user/BeamMobsim.iteration/population/013101-2013001313378-0/013101-2013001313378-0-3103701#-1051906150],0)))",,,-9998
306237,transition,BeamMobsim.iteration,scheduler,population/013101-2013001313378-0,013101-2013001313378-0-3103701,WaitingForDeparture,ProcessingNextLegOrStartActivity,25500.0,97072
306238,event,BeamMobsim.iteration,scheduler,population/013101-2013001313378-0,013101-2013001313378-0-3103701,"TriggerWithId(PersonDepartureTrigger(25500),97072)","BasePersonData(0,Some(EmbodiedBeamTrip(BIKE starts 25500 legModes WALK,BIKE,WALK)),List(EmbodiedBeamLeg(BeamLeg(WALK @ 25500,dur:0,path: ),body-013101-2013001313378-0-3103701,BODY-TYPE-DEFAULT,true,0.0,false,false,0.0), EmbodiedBeamLeg(BeamLeg(BIKE @ 25500,dur:222,path: 30911 .. 59638),731-1,FAST-BIKE,true,0.0,true,false,0.0), EmbodiedBeamLeg(BeamLeg(WALK @ 25722,dur:0,path: ),body-013101-2013001313378-0-3103701,BODY-TYPE-DEFAULT,true,0.0,true,false,0.0)),Vector(),Some(BIKE),Some(731-1),,0,false,0.0,0,None)",25500.0,97072
306239,transition,population/013101-2013001313378-0,013101-2013001313378-0-3103701,population/013101-2013001313378-0,013101-2013001313378-0-3103701,ProcessingNextLegOrStartActivity,WaitingToDrive,-1111.0,-1111
306240,event,population/013101-2013001313378-0,013101-2013001313378-0-3103701,population/013101-2013001313378-0,013101-2013001313378-0-3103701,StateTimeout,"BasePersonData(0,Some(EmbodiedBeamTrip(BIKE starts 25500 legModes WALK,BIKE,WALK)),List(EmbodiedBeamLeg(BeamLeg(WALK @ 25500,dur:0,path: ),body-013101-2013001313378-0-3103701,BODY-TYPE-DEFAULT,true,0.0,false,false,0.0), EmbodiedBeamLeg(BeamLeg(BIKE @ 25500,dur:222,path: 30911 .. 59638),731-1,FAST-BIKE,true,0.0,true,false,0.0), EmbodiedBeamLeg(BeamLeg(WALK @ 25722,dur:0,path: ),body-013101-2013001313378-0-3103701,BODY-TYPE-DEFAULT,true,0.0,true,false,0.0)),Vector(),Some(BIKE),Some(731-1),,0,true,0.0,0,None)",-1111.0,-1111
306241,message,population/013101-2013001313378-0,013101-2013001313378-0-3103701,BeamMobsim.iteration,scheduler,"CompletionNotice(97072,Vector(ScheduleTrigger(StartLegTrigger(25500,BeamLeg(WALK @ 25500,dur:0,path: )),Actor[akka://ClusterSystem/user/BeamMobsim.iteration/population/013101-2013001313378-0/013101-2013001313378-0-3103701#-1051906150],0)))",,,-9998
306242,transition,BeamMobsim.iteration,scheduler,population/013101-2013001313378-0,013101-2013001313378-0-3103701,WaitingToDrive,Driving,-1111.0,-1111
306243,event,BeamMobsim.iteration,scheduler,population/013101-2013001313378-0,013101-2013001313378-0-3103701,"TriggerWithId(StartLegTrigger(25500,BeamLeg(WALK @ 25500,dur:0,path: )),97073)","BasePersonData(0,Some(EmbodiedBeamTrip(BIKE starts 25500 legModes WALK,BIKE,WALK)),List(EmbodiedBeamLeg(BeamLeg(WALK @ 25500,dur:0,path: ),body-013101-2013001313378-0-3103701,BODY-TYPE-DEFAULT,true,0.0,false,false,0.0), EmbodiedBeamLeg(BeamLeg(BIKE @ 25500,dur:222,path: 30911 .. 59638),731-1,FAST-BIKE,true,0.0,true,false,0.0), EmbodiedBeamLeg(BeamLeg(WALK @ 25722,dur:0,path: ),body-013101-2013001313378-0-3103701,BODY-TYPE-DEFAULT,true,0.0,true,false,0.0)),Vector(body-013101-2013001313378-0-3103701),Some(BIKE),Some(731-1),BeamLeg(WALK @ 25500,dur:0,path: ) -> [0riders;0boarders;0alighters],0,true,0.0,0,None)",-1111.0,-1111
306244,message,population/013101-2013001313378-0,013101-2013001313378-0-3103701,BeamMobsim.iteration,scheduler,"CompletionNotice(97073,Vector(ScheduleTrigger(EndLegTrigger(25500),Actor[akka://ClusterSystem/user/BeamMobsim.iteration/population/013101-2013001313378-0/013101-2013001313378-0-3103701#-1051906150],0)))",,,-9998
306245,transition,BeamMobsim.iteration,scheduler,population/013101-2013001313378-0,013101-2013001313378-0-3103701,Driving,DrivingInterrupted,25500.0,97074
306246,event,BeamMobsim.iteration,scheduler,population/013101-2013001313378-0,013101-2013001313378-0-3103701,"TriggerWithId(EndLegTrigger(25500),97074)","LiterallyDrivingData(BasePersonData(0,Some(EmbodiedBeamTrip(BIKE starts 25500 legModes WALK,BIKE,WALK)),List(EmbodiedBeamLeg(BeamLeg(WALK @ 25500,dur:0,path: ),body-013101-2013001313378-0-3103701,BODY-TYPE-DEFAULT,true,0.0,false,false,0.0), EmbodiedBeamLeg(BeamLeg(BIKE @ 25500,dur:222,path: 30911 .. 59638),731-1,FAST-BIKE,true,0.0,true,false,0.0), EmbodiedBeamLeg(BeamLeg(WALK @ 25722,dur:0,path: ),body-013101-2013001313378-0-3103701,BODY-TYPE-DEFAULT,true,0.0,true,false,0.0)),Vector(body-013101-2013001313378-0-3103701),Some(BIKE),Some(731-1),BeamLeg(WALK @ 25500,dur:0,path: ) -> [0riders;0boarders;0alighters],0,true,0.0,0,None),25500.0,Some(25500))",25500.0,97074
306247,transition,population/013101-2013001313378-0,013101-2013001313378-0-3103701,population/013101-2013001313378-0,013101-2013001313378-0-3103701,DrivingInterrupted,PassengerScheduleEmpty,25500.0,97074
306248,event,population/013101-2013001313378-0,013101-2013001313378-0-3103701,population/013101-2013001313378-0,013101-2013001313378-0-3103701,LastLegPassengerSchedule,"BasePersonData(0,Some(EmbodiedBeamTrip(BIKE starts 25500 legModes WALK,BIKE,WALK)),List(EmbodiedBeamLeg(BeamLeg(WALK @ 25500,dur:0,path: ),body-013101-2013001313378-0-3103701,BODY-TYPE-DEFAULT,true,0.0,false,false,0.0), EmbodiedBeamLeg(BeamLeg(BIKE @ 25500,dur:222,path: 30911 .. 59638),731-1,FAST-BIKE,true,0.0,true,false,0.0), EmbodiedBeamLeg(BeamLeg(WALK @ 25722,dur:0,path: ),body-013101-2013001313378-0-3103701,BODY-TYPE-DEFAULT,true,0.0,true,false,0.0)),Vector(body-013101-2013001313378-0-3103701),Some(BIKE),Some(731-1),BeamLeg(WALK @ 25500,dur:0,path: ) -> [0riders;0boarders;0alighters],0,true,0.0,0,None)",25500.0,97074
306249,transition,population/013101-2013001313378-0,013101-2013001313378-0-3103701,population/013101-2013001313378-0,013101-2013001313378-0-3103701,PassengerScheduleEmpty,ProcessingNextLegOrStartActivity,25500.0,97074
306250,event,population/013101-2013001313378-0,013101-2013001313378-0-3103701,population/013101-2013001313378-0,013101-2013001313378-0-3103701,"PassengerScheduleEmptyMessage(SpaceTime([x=550477.409429014][y=4183231.4539845483],25500),0.0,97074,Some(FuelConsumed(0.0,0.0)))","BasePersonData(0,Some(EmbodiedBeamTrip(BIKE starts 25500 legModes WALK,BIKE,WALK)),List(EmbodiedBeamLeg(BeamLeg(WALK @ 25500,dur:0,path: ),body-013101-2013001313378-0-3103701,BODY-TYPE-DEFAULT,true,0.0,false,false,0.0), EmbodiedBeamLeg(BeamLeg(BIKE @ 25500,dur:222,path: 30911 .. 59638),731-1,FAST-BIKE,true,0.0,true,false,0.0), EmbodiedBeamLeg(BeamLeg(WALK @ 25722,dur:0,path: ),body-013101-2013001313378-0-3103701,BODY-TYPE-DEFAULT,true,0.0,true,false,0.0)),Vector(body-013101-2013001313378-0-3103701),Some(BIKE),Some(731-1),BeamLeg(WALK @ 25500,dur:0,path: ) -> [0riders;0boarders;0alighters],1,true,0.0,0,None)",25500.0,97074
306251,transition,population/013101-2013001313378-0,013101-2013001313378-0-3103701,population/013101-2013001313378-0,013101-2013001313378-0-3103701,ProcessingNextLegOrStartActivity,WaitingToDrive,-1111.0,-1111
306252,event,population/013101-2013001313378-0,013101-2013001313378-0-3103701,population/013101-2013001313378-0,013101-2013001313378-0-3103701,StateTimeout,"BasePersonData(0,Some(EmbodiedBeamTrip(BIKE starts 25500 legModes WALK,BIKE,WALK)),List(EmbodiedBeamLeg(BeamLeg(BIKE @ 25500,dur:222,path: 30911 .. 59638),731-1,FAST-BIKE,true,0.0,true,false,0.0), EmbodiedBeamLeg(BeamLeg(WALK @ 25722,dur:0,path: ),body-013101-2013001313378-0-3103701,BODY-TYPE-DEFAULT,true,0.0,true,false,0.0)),Vector(body-013101-2013001313378-0-3103701),Some(BIKE),Some(731-1),BeamLeg(WALK @ 25500,dur:0,path: ) -> [0riders;0boarders;0alighters],1,true,0.0,0,None)",-1111.0,-1111
306253,message,population/013101-2013001313378-0,013101-2013001313378-0-3103701,BeamMobsim.iteration,scheduler,"CompletionNotice(97074,Vector(ScheduleTrigger(StartLegTrigger(25500,BeamLeg(BIKE @ 25500,dur:222,path: 30911 .. 59638)),Actor[akka://ClusterSystem/user/BeamMobsim.iteration/population/013101-2013001313378-0/013101-2013001313378-0-3103701#-1051906150],0)))",,,-9998
306254,message,population/013101-2013001313378-0,013101-2013001313378-0-3103701,BeamMobsim.iteration,ParkingNetworkManager,"ReleaseParkingStall(ParkingStall(100354,100354,11723,[x=550477.4094290561][y=4183231.453984635],0.0,None,Some(Block),Public,private))",,,-9998
306255,transition,BeamMobsim.iteration,scheduler,population/013101-2013001313378-0,013101-2013001313378-0-3103701,WaitingToDrive,Driving,-1111.0,-1111
306256,event,BeamMobsim.iteration,scheduler,population/013101-2013001313378-0,013101-2013001313378-0-3103701,"TriggerWithId(StartLegTrigger(25500,BeamLeg(BIKE @ 25500,dur:222,path: 30911 .. 59638)),97075)","BasePersonData(0,Some(EmbodiedBeamTrip(BIKE starts 25500 legModes WALK,BIKE,WALK)),List(EmbodiedBeamLeg(BeamLeg(BIKE @ 25500,dur:222,path: 30911 .. 59638),731-1,FAST-BIKE,true,0.0,true,false,0.0), EmbodiedBeamLeg(BeamLeg(WALK @ 25722,dur:0,path: ),body-013101-2013001313378-0-3103701,BODY-TYPE-DEFAULT,true,0.0,true,false,0.0)),Vector(731-1, body-013101-2013001313378-0-3103701),Some(BIKE),Some(731-1),BeamLeg(BIKE @ 25500,dur:222,path: 30911 .. 59638) -> [0riders;0boarders;0alighters],0,true,0.0,0,None)",-1111.0,-1111
306257,message,population/013101-2013001313378-0,013101-2013001313378-0-3103701,BeamMobsim.iteration,scheduler,"CompletionNotice(97075,Vector(ScheduleTrigger(EndLegTrigger(25722),Actor[akka://ClusterSystem/user/BeamMobsim.iteration/population/013101-2013001313378-0/013101-2013001313378-0-3103701#-1051906150],0)))",,,-9998
317339,transition,BeamMobsim.iteration,scheduler,population/013101-2013001313378-0,013101-2013001313378-0-3103701,Driving,DrivingInterrupted,25722.0,97076
317341,event,BeamMobsim.iteration,scheduler,population/013101-2013001313378-0,013101-2013001313378-0-3103701,"TriggerWithId(EndLegTrigger(25722),97076)","LiterallyDrivingData(BasePersonData(0,Some(EmbodiedBeamTrip(BIKE starts 25500 legModes WALK,BIKE,WALK)),List(EmbodiedBeamLeg(BeamLeg(BIKE @ 25500,dur:222,path: 30911 .. 59638),731-1,FAST-BIKE,true,0.0,true,false,0.0), EmbodiedBeamLeg(BeamLeg(WALK @ 25722,dur:0,path: ),body-013101-2013001313378-0-3103701,BODY-TYPE-DEFAULT,true,0.0,true,false,0.0)),Vector(731-1, body-013101-2013001313378-0-3103701),Some(BIKE),Some(731-1),BeamLeg(BIKE @ 25500,dur:222,path: 30911 .. 59638) -> [0riders;0boarders;0alighters],0,true,0.0,0,None),25722.0,Some(25500))",25722.0,97076
317343,transition,population/013101-2013001313378-0,013101-2013001313378-0-3103701,population/013101-2013001313378-0,013101-2013001313378-0-3103701,DrivingInterrupted,PassengerScheduleEmpty,25722.0,97076
317344,event,population/013101-2013001313378-0,013101-2013001313378-0-3103701,population/013101-2013001313378-0,013101-2013001313378-0-3103701,LastLegPassengerSchedule,"BasePersonData(0,Some(EmbodiedBeamTrip(BIKE starts 25500 legModes WALK,BIKE,WALK)),List(EmbodiedBeamLeg(BeamLeg(BIKE @ 25500,dur:222,path: 30911 .. 59638),731-1,FAST-BIKE,true,0.0,true,false,0.0), EmbodiedBeamLeg(BeamLeg(WALK @ 25722,dur:0,path: ),body-013101-2013001313378-0-3103701,BODY-TYPE-DEFAULT,true,0.0,true,false,0.0)),Vector(731-1, body-013101-2013001313378-0-3103701),Some(BIKE),Some(731-1),BeamLeg(BIKE @ 25500,dur:222,path: 30911 .. 59638) -> [0riders;0boarders;0alighters],0,true,0.0,0,None)",25722.0,97076
317346,message,population/013101-2013001313378-0,013101-2013001313378-0-3103701,population/013101-2013001313378-0,Bike,"NotifyVehicleIdle(731-1,SpaceTime([x=553347.0340596505][y=4182514.990381259],25722),BeamLeg(BIKE @ 25500,dur:222,path: 30911 .. 59638) -> [0riders;0boarders;0alighters],BeamVehicleState(2174879.179,None,205177.28103773587,None,Some(Actor[akka://ClusterSystem/temp/$Mlb]),None),None,97076)",,,97076
317347,transition,population/013101-2013001313378-0,013101-2013001313378-0-3103701,population/013101-2013001313378-0,013101-2013001313378-0-3103701,PassengerScheduleEmpty,ProcessingNextLegOrStartActivity,25722.0,97076
317348,event,population/013101-2013001313378-0,013101-2013001313378-0-3103701,population/013101-2013001313378-0,013101-2013001313378-0-3103701,"PassengerScheduleEmptyMessage(SpaceTime([x=553347.0340596505][y=4182514.990381259],25722),0.0,97076,Some(FuelConsumed(35120.820999999996,0.0)))","BasePersonData(0,Some(EmbodiedBeamTrip(BIKE starts 25500 legModes WALK,BIKE,WALK)),List(EmbodiedBeamLeg(BeamLeg(BIKE @ 25500,dur:222,path: 30911 .. 59638),731-1,FAST-BIKE,true,0.0,true,false,0.0), EmbodiedBeamLeg(BeamLeg(WALK @ 25722,dur:0,path: ),body-013101-2013001313378-0-3103701,BODY-TYPE-DEFAULT,true,0.0,true,false,0.0)),Vector(731-1, body-013101-2013001313378-0-3103701),Some(BIKE),Some(731-1),BeamLeg(BIKE @ 25500,dur:222,path: 30911 .. 59638) -> [0riders;0boarders;0alighters],1,true,0.0,0,None)",25722.0,97076
317351,transition,population/013101-2013001313378-0,013101-2013001313378-0-3103701,population/013101-2013001313378-0,013101-2013001313378-0-3103701,ProcessingNextLegOrStartActivity,WaitingToDrive,-1111.0,-1111
317353,event,population/013101-2013001313378-0,013101-2013001313378-0-3103701,population/013101-2013001313378-0,013101-2013001313378-0-3103701,StateTimeout,"BasePersonData(0,Some(EmbodiedBeamTrip(BIKE starts 25500 legModes WALK,BIKE,WALK)),List(EmbodiedBeamLeg(BeamLeg(WALK @ 25722,dur:0,path: ),body-013101-2013001313378-0-3103701,BODY-TYPE-DEFAULT,true,0.0,true,false,0.0)),Vector(body-013101-2013001313378-0-3103701),Some(BIKE),Some(731-1),BeamLeg(BIKE @ 25500,dur:222,path: 30911 .. 59638) -> [0riders;0boarders;0alighters],1,true,0.0,0,None)",-1111.0,-1111
317554,message,population/013101-2013001313378-0,013101-2013001313378-0-3103701,BeamMobsim.iteration,scheduler,"CompletionNotice(97076,Vector(ScheduleTrigger(StartLegTrigger(25722,BeamLeg(WALK @ 25722,dur:0,path: )),Actor[akka://ClusterSystem/user/BeamMobsim.iteration/population/013101-2013001313378-0/013101-2013001313378-0-3103701#-1051906150],0)))",,,-9998
317970,transition,BeamMobsim.iteration,scheduler,population/013101-2013001313378-0,013101-2013001313378-0-3103701,WaitingToDrive,Driving,-1111.0,-1111
317971,event,BeamMobsim.iteration,scheduler,population/013101-2013001313378-0,013101-2013001313378-0-3103701,"TriggerWithId(StartLegTrigger(25722,BeamLeg(WALK @ 25722,dur:0,path: )),100074)","BasePersonData(0,Some(EmbodiedBeamTrip(BIKE starts 25500 legModes WALK,BIKE,WALK)),List(EmbodiedBeamLeg(BeamLeg(WALK @ 25722,dur:0,path: ),body-013101-2013001313378-0-3103701,BODY-TYPE-DEFAULT,true,0.0,true,false,0.0)),Vector(body-013101-2013001313378-0-3103701),Some(BIKE),Some(731-1),BeamLeg(WALK @ 25722,dur:0,path: ) -> [0riders;0boarders;0alighters],0,true,0.0,0,None)",-1111.0,-1111
317986,message,population/013101-2013001313378-0,013101-2013001313378-0-3103701,BeamMobsim.iteration,scheduler,"CompletionNotice(100074,Vector(ScheduleTrigger(EndLegTrigger(25722),Actor[akka://ClusterSystem/user/BeamMobsim.iteration/population/013101-2013001313378-0/013101-2013001313378-0-3103701#-1051906150],0)))",,,-9998
318392,transition,BeamMobsim.iteration,scheduler,population/013101-2013001313378-0,013101-2013001313378-0-3103701,Driving,DrivingInterrupted,25722.0,100217
318393,event,BeamMobsim.iteration,scheduler,population/013101-2013001313378-0,013101-2013001313378-0-3103701,"TriggerWithId(EndLegTrigger(25722),100217)","LiterallyDrivingData(BasePersonData(0,Some(EmbodiedBeamTrip(BIKE starts 25500 legModes WALK,BIKE,WALK)),List(EmbodiedBeamLeg(BeamLeg(WALK @ 25722,dur:0,path: ),body-013101-2013001313378-0-3103701,BODY-TYPE-DEFAULT,true,0.0,true,false,0.0)),Vector(body-013101-2013001313378-0-3103701),Some(BIKE),Some(731-1),BeamLeg(WALK @ 25722,dur:0,path: ) -> [0riders;0boarders;0alighters],0,true,0.0,0,None),25722.0,Some(25722))",25722.0,100217
318394,transition,population/013101-2013001313378-0,013101-2013001313378-0-3103701,population/013101-2013001313378-0,013101-2013001313378-0-3103701,DrivingInterrupted,PassengerScheduleEmpty,25722.0,100217
318395,event,population/013101-2013001313378-0,013101-2013001313378-0-3103701,population/013101-2013001313378-0,013101-2013001313378-0-3103701,LastLegPassengerSchedule,"BasePersonData(0,Some(EmbodiedBeamTrip(BIKE starts 25500 legModes WALK,BIKE,WALK)),List(EmbodiedBeamLeg(BeamLeg(WALK @ 25722,dur:0,path: ),body-013101-2013001313378-0-3103701,BODY-TYPE-DEFAULT,true,0.0,true,false,0.0)),Vector(body-013101-2013001313378-0-3103701),Some(BIKE),Some(731-1),BeamLeg(WALK @ 25722,dur:0,path: ) -> [0riders;0boarders;0alighters],0,true,0.0,0,None)",25722.0,100217
318396,transition,population/013101-2013001313378-0,013101-2013001313378-0-3103701,population/013101-2013001313378-0,013101-2013001313378-0-3103701,PassengerScheduleEmpty,ProcessingNextLegOrStartActivity,25722.0,100217
318397,event,population/013101-2013001313378-0,013101-2013001313378-0-3103701,population/013101-2013001313378-0,013101-2013001313378-0-3103701,"PassengerScheduleEmptyMessage(SpaceTime([x=553347.0340596505][y=4182514.990381259],25722),0.0,100217,Some(FuelConsumed(0.0,0.0)))","BasePersonData(0,Some(EmbodiedBeamTrip(BIKE starts 25500 legModes WALK,BIKE,WALK)),List(EmbodiedBeamLeg(BeamLeg(WALK @ 25722,dur:0,path: ),body-013101-2013001313378-0-3103701,BODY-TYPE-DEFAULT,true,0.0,true,false,0.0)),Vector(body-013101-2013001313378-0-3103701),Some(BIKE),Some(731-1),BeamLeg(WALK @ 25722,dur:0,path: ) -> [0riders;0boarders;0alighters],1,true,0.0,0,None)",25722.0,100217
318398,event,population/013101-2013001313378-0,013101-2013001313378-0-3103701,population/013101-2013001313378-0,013101-2013001313378-0-3103701,"NotifyVehicleIdle(body-013101-2013001313378-0-3103701,SpaceTime([x=553347.0340596505][y=4182514.990381259],25722),BeamLeg(WALK @ 25722,dur:0,path: ) -> [0riders;0boarders;0alighters],BeamVehicleState(2210000.0,None,41698.11320754717,None,None,None),None,100217)","BasePersonData(0,Some(EmbodiedBeamTrip(BIKE starts 25500 legModes WALK,BIKE,WALK)),List(),Vector(),Some(BIKE),Some(731-1),BeamLeg(WALK @ 25722,dur:0,path: ) -> [0riders;0boarders;0alighters],1,true,0.0,0,None)",25722.0,100217
318408,transition,population/013101-2013001313378-0,013101-2013001313378-0-3103701,population/013101-2013001313378-0,013101-2013001313378-0-3103701,ProcessingNextLegOrStartActivity,PerformingActivity,-1111.0,-1111
318409,event,population/013101-2013001313378-0,013101-2013001313378-0-3103701,population/013101-2013001313378-0,013101-2013001313378-0-3103701,StateTimeout,"BasePersonData(0,Some(EmbodiedBeamTrip(BIKE starts 25500 legModes WALK,BIKE,WALK)),List(),Vector(),Some(BIKE),Some(731-1),BeamLeg(WALK @ 25722,dur:0,path: ) -> [0riders;0boarders;0alighters],1,true,0.0,0,None)",-1111.0,-1111
318410,message,population/013101-2013001313378-0,013101-2013001313378-0-3103701,BeamMobsim.iteration,scheduler,"CompletionNotice(100217,Vector(ScheduleTrigger(ActivityEndTrigger(60840),Actor[akka://ClusterSystem/user/BeamMobsim.iteration/population/013101-2013001313378-0/013101-2013001313378-0-3103701#-1051906150],0)))",,,-9998
2172137,transition,BeamMobsim.iteration,scheduler,population/013101-2013001313378-0,013101-2013001313378-0-3103701,PerformingActivity,ChoosingMode,60840.0,100358
2172140,event,BeamMobsim.iteration,scheduler,population/013101-2013001313378-0,013101-2013001313378-0-3103701,"TriggerWithId(ActivityEndTrigger(60840),100358)","BasePersonData(1,None,List(),Vector(),Some(BIKE),Some(731-1),BeamLeg(WALK @ 25722,dur:0,path: ) -> [0riders;0boarders;0alighters],1,false,0.0,0,None)",60840.0,100358
2172155,event,population/013101-2013001313378-0,013101-2013001313378-0-3103701,population/013101-2013001313378-0,013101-2013001313378-0-3103701,"MobilityStatusResponse(Vector(ActualVehicle(731-1 (FAST-BIKE,200.61479403773586km))),100358)","ChoosesModeData(BasePersonData(1,None,List(),Vector(),Some(BIKE),Some(731-1),BeamLeg(WALK @ 25722,dur:0,path: ) -> [0riders;0boarders;0alighters],1,false,0.0,0,None),SpaceTime([x=553370.4532569719][y=4182491.7141969427],60840),None,None,Map(),Map(),None,None,None,None,None,None,None,Vector(),None,false,None,Vector(),None,false,Map())",60840.0,100358
2172161,message,population/013101-2013001313378-0,013101-2013001313378-0-3103701,,router,"RoutingRequest([x=553370.4532569719][y=4182491.7141969427],[x=550477.409429013][y=4183231.4539845493],60840,false,Some(013101-2013001313378-0-3103701),Vector(StreetVehicle(731-1,FAST-BIKE,SpaceTime([x=553347.0340596505][y=4182514.990381259],25722),BIKE,true,false), StreetVehicle(body-013101-2013001313378-0-3103701,BODY-TYPE-DEFAULT,SpaceTime([x=553370.4532569719][y=4182491.7141969427],60840),WALK,true,false)),Some(AttributesOfIndividual(HouseholdAttributes(013101-2013001313378-0,91146.0,1,1,1),None,true,List(CAR, CAV, WALK, BIKE, TRANSIT, RIDE_HAIL, RIDE_HAIL_POOLED, RIDE_HAIL_TRANSIT, DRIVE_TRANSIT, WALK_TRANSIT, BIKE_TRANSIT),14.540979040428327,Some(53),Some(0.0))),Access,11959,Vector(),100358)",,,100358
2173508,transition,,router,population/013101-2013001313378-0,013101-2013001313378-0-3103701,ChoosingMode,FinishingModeChoice,60840.0,100358
2173509,event,,router,population/013101-2013001313378-0,013101-2013001313378-0-3103701,"RoutingResponse(ArrayBuffer(EmbodiedBeamTrip(BIKE starts 60840 legModes WALK,BIKE,WALK), EmbodiedBeamTrip(WALK starts 60840 legModes WALK)),11959,Some(RoutingRequest([x=553370.4532569719][y=4182491.7141969427],[x=550477.409429013][y=4183231.4539845493],60840,false,Some(013101-2013001313378-0-3103701),Vector(StreetVehicle(731-1,FAST-BIKE,SpaceTime([x=553347.0340596505][y=4182514.990381259],25722),BIKE,true,false), StreetVehicle(body-013101-2013001313378-0-3103701,BODY-TYPE-DEFAULT,SpaceTime([x=553370.4532569719][y=4182491.7141969427],60840),WALK,true,false)),Some(AttributesOfIndividual(HouseholdAttributes(013101-2013001313378-0,91146.0,1,1,1),None,true,List(CAR, CAV, WALK, BIKE, TRANSIT, RIDE_HAIL, RIDE_HAIL_POOLED, RIDE_HAIL_TRANSIT, DRIVE_TRANSIT, WALK_TRANSIT, BIKE_TRANSIT),14.540979040428327,Some(53),Some(0.0))),Access,11959,Vector(),100358)),false,100358)","ChoosesModeData(BasePersonData(1,None,List(),Vector(),Some(BIKE),Some(731-1),BeamLeg(WALK @ 25722,dur:0,path: ) -> [0riders;0boarders;0alighters],1,false,0.0,0,None),SpaceTime([x=553370.4532569719][y=4182491.7141969427],60840),None,None,Map(),Map(),Some(RideHailResponse(request: RideHailRequest(id: 0, type: RideHailInquiry, customer: dummy, pickup: [x=NaN][y=NaN], time: 2147483647, dest: [x=NaN][y=NaN]), error: Some(RideHailNotRequestedError), travelProposal: None)),Some(EmbodiedBeamTrip(WALK starts empty legModes )),None,Some(RideHailResponse(request: RideHailRequest(id: 0, type: RideHailInquiry, customer: dummy, pickup: [x=NaN][y=NaN], time: 2147483647, dest: [x=NaN][y=NaN]), error: Some(RideHailNotRequestedError), travelProposal: None)),None,Some(RideHailResponse(request: RideHailRequest(id: 0, type: RideHailInquiry, customer: dummy, pickup: [x=NaN][y=NaN], time: 2147483647, dest: [x=NaN][y=NaN]), error: Some(RideHailNotRequestedError), travelProposal: None)),None,Vector(ActualVehicle(731-1 (FAST-BIKE,200.61479403773586km))),None,false,Some(CavTripLegsResponse(None,List())),Vector(),None,false,Map())",60840.0,100358
2173692,transition,population/013101-2013001313378-0,013101-2013001313378-0-3103701,population/013101-2013001313378-0,013101-2013001313378-0-3103701,FinishingModeChoice,WaitingForDeparture,-1111.0,-1111
2173693,event,population/013101-2013001313378-0,013101-2013001313378-0-3103701,population/013101-2013001313378-0,013101-2013001313378-0-3103701,StateTimeout,"ChoosesModeData(BasePersonData(1,None,List(),Vector(),Some(BIKE),Some(731-1),BeamLeg(WALK @ 25722,dur:0,path: ) -> [0riders;0boarders;0alighters],1,false,0.0,0,None),SpaceTime([x=553370.4532569719][y=4182491.7141969427],60840),Some(EmbodiedBeamTrip(BIKE starts 60840 legModes WALK,BIKE,WALK)),Some(RoutingResponse(ArrayBuffer(EmbodiedBeamTrip(BIKE starts 60840 legModes WALK,BIKE,WALK), EmbodiedBeamTrip(WALK starts 60840 legModes WALK)),11959,Some(RoutingRequest([x=553370.4532569719][y=4182491.7141969427],[x=550477.409429013][y=4183231.4539845493],60840,false,Some(013101-2013001313378-0-3103701),Vector(StreetVehicle(731-1,FAST-BIKE,SpaceTime([x=553347.0340596505][y=4182514.990381259],25722),BIKE,true,false), StreetVehicle(body-013101-2013001313378-0-3103701,BODY-TYPE-DEFAULT,SpaceTime([x=553370.4532569719][y=4182491.7141969427],60840),WALK,true,false)),Some(AttributesOfIndividual(HouseholdAttributes(013101-2013001313378-0,91146.0,1,1,1),None,true,List(CAR, CAV, WALK, BIKE, TRANSIT, RIDE_HAIL, RIDE_HAIL_POOLED, RIDE_HAIL_TRANSIT, DRIVE_TRANSIT, WALK_TRANSIT, BIKE_TRANSIT),14.540979040428327,Some(53),Some(0.0))),Access,11959,Vector(),100358)),false,100358)),Map(),Map(),Some(RideHailResponse(request: RideHailRequest(id: 0, type: RideHailInquiry, customer: dummy, pickup: [x=NaN][y=NaN], time: 2147483647, dest: [x=NaN][y=NaN]), error: Some(RideHailNotRequestedError), travelProposal: None)),Some(EmbodiedBeamTrip(WALK starts empty legModes )),None,Some(RideHailResponse(request: RideHailRequest(id: 0, type: RideHailInquiry, customer: dummy, pickup: [x=NaN][y=NaN], time: 2147483647, dest: [x=NaN][y=NaN]), error: Some(RideHailNotRequestedError), travelProposal: None)),None,Some(RideHailResponse(request: RideHailRequest(id: 0, type: RideHailInquiry, customer: dummy, pickup: [x=NaN][y=NaN], time: 2147483647, dest: [x=NaN][y=NaN]), error: Some(RideHailNotRequestedError), travelProposal: None)),None,Vector(ActualVehicle(731-1 (FAST-BIKE,200.61479403773586km))),None,false,Some(CavTripLegsResponse(None,List())),Vector(),Some(BIKE),true,Map())",-1111.0,-1111
2173695,message,population/013101-2013001313378-0,013101-2013001313378-0-3103701,BeamMobsim.iteration,scheduler,"CompletionNotice(100358,Vector(ScheduleTrigger(PersonDepartureTrigger(60840),Actor[akka://ClusterSystem/user/BeamMobsim.iteration/population/013101-2013001313378-0/013101-2013001313378-0-3103701#-1051906150],0)))",,,-9998
2173703,transition,BeamMobsim.iteration,scheduler,population/013101-2013001313378-0,013101-2013001313378-0-3103701,WaitingForDeparture,ProcessingNextLegOrStartActivity,60840.0,621522
2173704,event,BeamMobsim.iteration,scheduler,population/013101-2013001313378-0,013101-2013001313378-0-3103701,"TriggerWithId(PersonDepartureTrigger(60840),621522)","BasePersonData(1,Some(EmbodiedBeamTrip(BIKE starts 60840 legModes WALK,BIKE,WALK)),List(EmbodiedBeamLeg(BeamLeg(WALK @ 60840,dur:0,path: ),body-013101-2013001313378-0-3103701,BODY-TYPE-DEFAULT,true,0.0,false,false,0.0), EmbodiedBeamLeg(BeamLeg(BIKE @ 60840,dur:266,path: 59638 .. 30911),731-1,FAST-BIKE,true,0.0,true,false,0.0), EmbodiedBeamLeg(BeamLeg(WALK @ 61106,dur:0,path: ),body-013101-2013001313378-0-3103701,BODY-TYPE-DEFAULT,true,0.0,true,false,0.0)),Vector(),Some(BIKE),Some(731-1),BeamLeg(WALK @ 25722,dur:0,path: ) -> [0riders;0boarders;0alighters],1,false,0.0,0,None)",60840.0,621522
2173706,transition,population/013101-2013001313378-0,013101-2013001313378-0-3103701,population/013101-2013001313378-0,013101-2013001313378-0-3103701,ProcessingNextLegOrStartActivity,WaitingToDrive,-1111.0,-1111
2173707,event,population/013101-2013001313378-0,013101-2013001313378-0-3103701,population/013101-2013001313378-0,013101-2013001313378-0-3103701,StateTimeout,"BasePersonData(1,Some(EmbodiedBeamTrip(BIKE starts 60840 legModes WALK,BIKE,WALK)),List(EmbodiedBeamLeg(BeamLeg(WALK @ 60840,dur:0,path: ),body-013101-2013001313378-0-3103701,BODY-TYPE-DEFAULT,true,0.0,false,false,0.0), EmbodiedBeamLeg(BeamLeg(BIKE @ 60840,dur:266,path: 59638 .. 30911),731-1,FAST-BIKE,true,0.0,true,false,0.0), EmbodiedBeamLeg(BeamLeg(WALK @ 61106,dur:0,path: ),body-013101-2013001313378-0-3103701,BODY-TYPE-DEFAULT,true,0.0,true,false,0.0)),Vector(),Some(BIKE),Some(731-1),BeamLeg(WALK @ 25722,dur:0,path: ) -> [0riders;0boarders;0alighters],1,true,0.0,0,None)",-1111.0,-1111
2173708,message,population/013101-2013001313378-0,013101-2013001313378-0-3103701,BeamMobsim.iteration,scheduler,"CompletionNotice(621522,Vector(ScheduleTrigger(StartLegTrigger(60840,BeamLeg(WALK @ 60840,dur:0,path: )),Actor[akka://ClusterSystem/user/BeamMobsim.iteration/population/013101-2013001313378-0/013101-2013001313378-0-3103701#-1051906150],0)))",,,-9998
2173712,transition,BeamMobsim.iteration,scheduler,population/013101-2013001313378-0,013101-2013001313378-0-3103701,WaitingToDrive,Driving,-1111.0,-1111
2173713,event,BeamMobsim.iteration,scheduler,population/013101-2013001313378-0,013101-2013001313378-0-3103701,"TriggerWithId(StartLegTrigger(60840,BeamLeg(WALK @ 60840,dur:0,path: )),621525)","BasePersonData(1,Some(EmbodiedBeamTrip(BIKE starts 60840 legModes WALK,BIKE,WALK)),List(EmbodiedBeamLeg(BeamLeg(WALK @ 60840,dur:0,path: ),body-013101-2013001313378-0-3103701,BODY-TYPE-DEFAULT,true,0.0,false,false,0.0), EmbodiedBeamLeg(BeamLeg(BIKE @ 60840,dur:266,path: 59638 .. 30911),731-1,FAST-BIKE,true,0.0,true,false,0.0), EmbodiedBeamLeg(BeamLeg(WALK @ 61106,dur:0,path: ),body-013101-2013001313378-0-3103701,BODY-TYPE-DEFAULT,true,0.0,true,false,0.0)),Vector(body-013101-2013001313378-0-3103701),Some(BIKE),Some(731-1),BeamLeg(WALK @ 60840,dur:0,path: ) -> [0riders;0boarders;0alighters],0,true,0.0,0,None)",-1111.0,-1111
2173714,message,population/013101-2013001313378-0,013101-2013001313378-0-3103701,BeamMobsim.iteration,scheduler,"CompletionNotice(621525,Vector(ScheduleTrigger(EndLegTrigger(60840),Actor[akka://ClusterSystem/user/BeamMobsim.iteration/population/013101-2013001313378-0/013101-2013001313378-0-3103701#-1051906150],0)))",,,-9998
2173724,transition,BeamMobsim.iteration,scheduler,population/013101-2013001313378-0,013101-2013001313378-0-3103701,Driving,DrivingInterrupted,60840.0,621527
2173725,event,BeamMobsim.iteration,scheduler,population/013101-2013001313378-0,013101-2013001313378-0-3103701,"TriggerWithId(EndLegTrigger(60840),621527)","LiterallyDrivingData(BasePersonData(1,Some(EmbodiedBeamTrip(BIKE starts 60840 legModes WALK,BIKE,WALK)),List(EmbodiedBeamLeg(BeamLeg(WALK @ 60840,dur:0,path: ),body-013101-2013001313378-0-3103701,BODY-TYPE-DEFAULT,true,0.0,false,false,0.0), EmbodiedBeamLeg(BeamLeg(BIKE @ 60840,dur:266,path: 59638 .. 30911),731-1,FAST-BIKE,true,0.0,true,false,0.0), EmbodiedBeamLeg(BeamLeg(WALK @ 61106,dur:0,path: ),body-013101-2013001313378-0-3103701,BODY-TYPE-DEFAULT,true,0.0,true,false,0.0)),Vector(body-013101-2013001313378-0-3103701),Some(BIKE),Some(731-1),BeamLeg(WALK @ 60840,dur:0,path: ) -> [0riders;0boarders;0alighters],0,true,0.0,0,None),60840.0,Some(60840))",60840.0,621527
2173726,transition,population/013101-2013001313378-0,013101-2013001313378-0-3103701,population/013101-2013001313378-0,013101-2013001313378-0-3103701,DrivingInterrupted,PassengerScheduleEmpty,60840.0,621527
2173727,event,population/013101-2013001313378-0,013101-2013001313378-0-3103701,population/013101-2013001313378-0,013101-2013001313378-0-3103701,LastLegPassengerSchedule,"BasePersonData(1,Some(EmbodiedBeamTrip(BIKE starts 60840 legModes WALK,BIKE,WALK)),List(EmbodiedBeamLeg(BeamLeg(WALK @ 60840,dur:0,path: ),body-013101-2013001313378-0-3103701,BODY-TYPE-DEFAULT,true,0.0,false,false,0.0), EmbodiedBeamLeg(BeamLeg(BIKE @ 60840,dur:266,path: 59638 .. 30911),731-1,FAST-BIKE,true,0.0,true,false,0.0), EmbodiedBeamLeg(BeamLeg(WALK @ 61106,dur:0,path: ),body-013101-2013001313378-0-3103701,BODY-TYPE-DEFAULT,true,0.0,true,false,0.0)),Vector(body-013101-2013001313378-0-3103701),Some(BIKE),Some(731-1),BeamLeg(WALK @ 60840,dur:0,path: ) -> [0riders;0boarders;0alighters],0,true,0.0,0,None)",60840.0,621527
2173728,transition,population/013101-2013001313378-0,013101-2013001313378-0-3103701,population/013101-2013001313378-0,013101-2013001313378-0-3103701,PassengerScheduleEmpty,ProcessingNextLegOrStartActivity,60840.0,621527
2173729,event,population/013101-2013001313378-0,013101-2013001313378-0-3103701,population/013101-2013001313378-0,013101-2013001313378-0-3103701,"PassengerScheduleEmptyMessage(SpaceTime([x=553347.0340596505][y=4182514.990381258],60840),0.0,621527,Some(FuelConsumed(0.0,0.0)))","BasePersonData(1,Some(EmbodiedBeamTrip(BIKE starts 60840 legModes WALK,BIKE,WALK)),List(EmbodiedBeamLeg(BeamLeg(WALK @ 60840,dur:0,path: ),body-013101-2013001313378-0-3103701,BODY-TYPE-DEFAULT,true,0.0,false,false,0.0), EmbodiedBeamLeg(BeamLeg(BIKE @ 60840,dur:266,path: 59638 .. 30911),731-1,FAST-BIKE,true,0.0,true,false,0.0), EmbodiedBeamLeg(BeamLeg(WALK @ 61106,dur:0,path: ),body-013101-2013001313378-0-3103701,BODY-TYPE-DEFAULT,true,0.0,true,false,0.0)),Vector(body-013101-2013001313378-0-3103701),Some(BIKE),Some(731-1),BeamLeg(WALK @ 60840,dur:0,path: ) -> [0riders;0boarders;0alighters],1,true,0.0,0,None)",60840.0,621527
2173736,transition,population/013101-2013001313378-0,013101-2013001313378-0-3103701,population/013101-2013001313378-0,013101-2013001313378-0-3103701,ProcessingNextLegOrStartActivity,WaitingToDrive,-1111.0,-1111
2173737,event,population/013101-2013001313378-0,013101-2013001313378-0-3103701,population/013101-2013001313378-0,013101-2013001313378-0-3103701,StateTimeout,"BasePersonData(1,Some(EmbodiedBeamTrip(BIKE starts 60840 legModes WALK,BIKE,WALK)),List(EmbodiedBeamLeg(BeamLeg(BIKE @ 60840,dur:266,path: 59638 .. 30911),731-1,FAST-BIKE,true,0.0,true,false,0.0), EmbodiedBeamLeg(BeamLeg(WALK @ 61106,dur:0,path: ),body-013101-2013001313378-0-3103701,BODY-TYPE-DEFAULT,true,0.0,true,false,0.0)),Vector(body-013101-2013001313378-0-3103701),Some(BIKE),Some(731-1),BeamLeg(WALK @ 60840,dur:0,path: ) -> [0riders;0boarders;0alighters],1,true,0.0,0,None)",-1111.0,-1111
2173738,message,population/013101-2013001313378-0,013101-2013001313378-0-3103701,BeamMobsim.iteration,scheduler,"CompletionNotice(621527,Vector(ScheduleTrigger(StartLegTrigger(60840,BeamLeg(BIKE @ 60840,dur:266,path: 59638 .. 30911)),Actor[akka://ClusterSystem/user/BeamMobsim.iteration/population/013101-2013001313378-0/013101-2013001313378-0-3103701#-1051906150],0)))",,,-9998
2173739,transition,BeamMobsim.iteration,scheduler,population/013101-2013001313378-0,013101-2013001313378-0-3103701,WaitingToDrive,Driving,-1111.0,-1111
2173740,event,BeamMobsim.iteration,scheduler,population/013101-2013001313378-0,013101-2013001313378-0-3103701,"TriggerWithId(StartLegTrigger(60840,BeamLeg(BIKE @ 60840,dur:266,path: 59638 .. 30911)),621530)","BasePersonData(1,Some(EmbodiedBeamTrip(BIKE starts 60840 legModes WALK,BIKE,WALK)),List(EmbodiedBeamLeg(BeamLeg(BIKE @ 60840,dur:266,path: 59638 .. 30911),731-1,FAST-BIKE,true,0.0,true,false,0.0), EmbodiedBeamLeg(BeamLeg(WALK @ 61106,dur:0,path: ),body-013101-2013001313378-0-3103701,BODY-TYPE-DEFAULT,true,0.0,true,false,0.0)),Vector(731-1, body-013101-2013001313378-0-3103701),Some(BIKE),Some(731-1),BeamLeg(BIKE @ 60840,dur:266,path: 59638 .. 30911) -> [0riders;0boarders;0alighters],0,true,0.0,0,None)",-1111.0,-1111
2173741,message,population/013101-2013001313378-0,013101-2013001313378-0-3103701,BeamMobsim.iteration,scheduler,"CompletionNotice(621530,Vector(ScheduleTrigger(EndLegTrigger(61106),Actor[akka://ClusterSystem/user/BeamMobsim.iteration/population/013101-2013001313378-0/013101-2013001313378-0-3103701#-1051906150],0)))",,,-9998
2187380,transition,BeamMobsim.iteration,scheduler,population/013101-2013001313378-0,013101-2013001313378-0-3103701,Driving,DrivingInterrupted,61106.0,621531
2187381,event,BeamMobsim.iteration,scheduler,population/013101-2013001313378-0,013101-2013001313378-0-3103701,"TriggerWithId(EndLegTrigger(61106),621531)","LiterallyDrivingData(BasePersonData(1,Some(EmbodiedBeamTrip(BIKE starts 60840 legModes WALK,BIKE,WALK)),List(EmbodiedBeamLeg(BeamLeg(BIKE @ 60840,dur:266,path: 59638 .. 30911),731-1,FAST-BIKE,true,0.0,true,false,0.0), EmbodiedBeamLeg(BeamLeg(WALK @ 61106,dur:0,path: ),body-013101-2013001313378-0-3103701,BODY-TYPE-DEFAULT,true,0.0,true,false,0.0)),Vector(731-1, body-013101-2013001313378-0-3103701),Some(BIKE),Some(731-1),BeamLeg(BIKE @ 60840,dur:266,path: 59638 .. 30911) -> [0riders;0boarders;0alighters],0,true,0.0,0,None),61106.0,Some(60840))",61106.0,621531
2187382,transition,population/013101-2013001313378-0,013101-2013001313378-0-3103701,population/013101-2013001313378-0,013101-2013001313378-0-3103701,DrivingInterrupted,PassengerScheduleEmpty,61106.0,621531
2187383,event,population/013101-2013001313378-0,013101-2013001313378-0-3103701,population/013101-2013001313378-0,013101-2013001313378-0-3103701,LastLegPassengerSchedule,"BasePersonData(1,Some(EmbodiedBeamTrip(BIKE starts 60840 legModes WALK,BIKE,WALK)),List(EmbodiedBeamLeg(BeamLeg(BIKE @ 60840,dur:266,path: 59638 .. 30911),731-1,FAST-BIKE,true,0.0,true,false,0.0), EmbodiedBeamLeg(BeamLeg(WALK @ 61106,dur:0,path: ),body-013101-2013001313378-0-3103701,BODY-TYPE-DEFAULT,true,0.0,true,false,0.0)),Vector(731-1, body-013101-2013001313378-0-3103701),Some(BIKE),Some(731-1),BeamLeg(BIKE @ 60840,dur:266,path: 59638 .. 30911) -> [0riders;0boarders;0alighters],0,true,0.0,0,None)",61106.0,621531
2187385,transition,population/013101-2013001313378-0,013101-2013001313378-0-3103701,population/013101-2013001313378-0,013101-2013001313378-0-3103701,PassengerScheduleEmpty,ProcessingNextLegOrStartActivity,61106.0,621531
2187386,event,population/013101-2013001313378-0,013101-2013001313378-0-3103701,population/013101-2013001313378-0,013101-2013001313378-0-3103701,"PassengerScheduleEmptyMessage(SpaceTime([x=550472.4505158953][y=4183261.203566383],61106),0.0,621531,Some(FuelConsumed(48362.362200000025,0.0)))","BasePersonData(1,Some(EmbodiedBeamTrip(BIKE starts 60840 legModes WALK,BIKE,WALK)),List(EmbodiedBeamLeg(BeamLeg(BIKE @ 60840,dur:266,path: 59638 .. 30911),731-1,FAST-BIKE,true,0.0,true,false,0.0), EmbodiedBeamLeg(BeamLeg(WALK @ 61106,dur:0,path: ),body-013101-2013001313378-0-3103701,BODY-TYPE-DEFAULT,true,0.0,true,false,0.0)),Vector(731-1, body-013101-2013001313378-0-3103701),Some(BIKE),Some(731-1),BeamLeg(BIKE @ 60840,dur:266,path: 59638 .. 30911) -> [0riders;0boarders;0alighters],1,true,0.0,0,None)",61106.0,621531
2187393,message,population/013101-2013001313378-0,013101-2013001313378-0-3103701,population/013101-2013001313378-0,Bike,"NotifyVehicleIdle(731-1,SpaceTime([x=550472.4505158953][y=4183261.203566383],61106),BeamLeg(BIKE @ 60840,dur:266,path: 59638 .. 30911) -> [0riders;0boarders;0alighters],BeamVehicleState(2126516.8168,None,200614.79403773588,None,None,None),None,621531)",,,621531
2187395,transition,population/013101-2013001313378-0,013101-2013001313378-0-3103701,population/013101-2013001313378-0,013101-2013001313378-0-3103701,ProcessingNextLegOrStartActivity,WaitingToDrive,-1111.0,-1111
2187396,event,population/013101-2013001313378-0,013101-2013001313378-0-3103701,population/013101-2013001313378-0,013101-2013001313378-0-3103701,StateTimeout,"BasePersonData(1,Some(EmbodiedBeamTrip(BIKE starts 60840 legModes WALK,BIKE,WALK)),List(EmbodiedBeamLeg(BeamLeg(WALK @ 61106,dur:0,path: ),body-013101-2013001313378-0-3103701,BODY-TYPE-DEFAULT,true,0.0,true,false,0.0)),Vector(body-013101-2013001313378-0-3103701),Some(BIKE),Some(731-1),BeamLeg(BIKE @ 60840,dur:266,path: 59638 .. 30911) -> [0riders;0boarders;0alighters],1,true,0.0,0,None)",-1111.0,-1111
2187417,message,population/013101-2013001313378-0,013101-2013001313378-0-3103701,BeamMobsim.iteration,scheduler,"CompletionNotice(621531,Vector(ScheduleTrigger(StartLegTrigger(61106,BeamLeg(WALK @ 61106,dur:0,path: )),Actor[akka://ClusterSystem/user/BeamMobsim.iteration/population/013101-2013001313378-0/013101-2013001313378-0-3103701#-1051906150],0)))",,,-9998
2188021,transition,BeamMobsim.iteration,scheduler,population/013101-2013001313378-0,013101-2013001313378-0-3103701,WaitingToDrive,Driving,-1111.0,-1111
2188022,event,BeamMobsim.iteration,scheduler,population/013101-2013001313378-0,013101-2013001313378-0-3103701,"TriggerWithId(StartLegTrigger(61106,BeamLeg(WALK @ 61106,dur:0,path: )),625483)","BasePersonData(1,Some(EmbodiedBeamTrip(BIKE starts 60840 legModes WALK,BIKE,WALK)),List(EmbodiedBeamLeg(BeamLeg(WALK @ 61106,dur:0,path: ),body-013101-2013001313378-0-3103701,BODY-TYPE-DEFAULT,true,0.0,true,false,0.0)),Vector(body-013101-2013001313378-0-3103701),Some(BIKE),Some(731-1),BeamLeg(WALK @ 61106,dur:0,path: ) -> [0riders;0boarders;0alighters],0,true,0.0,0,None)",-1111.0,-1111
2188238,message,population/013101-2013001313378-0,013101-2013001313378-0-3103701,BeamMobsim.iteration,scheduler,"CompletionNotice(625483,Vector(ScheduleTrigger(EndLegTrigger(61106),Actor[akka://ClusterSystem/user/BeamMobsim.iteration/population/013101-2013001313378-0/013101-2013001313378-0-3103701#-1051906150],0)))",,,-9998
2188243,transition,BeamMobsim.iteration,scheduler,population/013101-2013001313378-0,013101-2013001313378-0-3103701,Driving,DrivingInterrupted,61106.0,625727
2188244,event,BeamMobsim.iteration,scheduler,population/013101-2013001313378-0,013101-2013001313378-0-3103701,"TriggerWithId(EndLegTrigger(61106),625727)","LiterallyDrivingData(BasePersonData(1,Some(EmbodiedBeamTrip(BIKE starts 60840 legModes WALK,BIKE,WALK)),List(EmbodiedBeamLeg(BeamLeg(WALK @ 61106,dur:0,path: ),body-013101-2013001313378-0-3103701,BODY-TYPE-DEFAULT,true,0.0,true,false,0.0)),Vector(body-013101-2013001313378-0-3103701),Some(BIKE),Some(731-1),BeamLeg(WALK @ 61106,dur:0,path: ) -> [0riders;0boarders;0alighters],0,true,0.0,0,None),61106.0,Some(61106))",61106.0,625727
2188246,transition,population/013101-2013001313378-0,013101-2013001313378-0-3103701,population/013101-2013001313378-0,013101-2013001313378-0-3103701,DrivingInterrupted,PassengerScheduleEmpty,61106.0,625727
2188247,event,population/013101-2013001313378-0,013101-2013001313378-0-3103701,population/013101-2013001313378-0,013101-2013001313378-0-3103701,LastLegPassengerSchedule,"BasePersonData(1,Some(EmbodiedBeamTrip(BIKE starts 60840 legModes WALK,BIKE,WALK)),List(EmbodiedBeamLeg(BeamLeg(WALK @ 61106,dur:0,path: ),body-013101-2013001313378-0-3103701,BODY-TYPE-DEFAULT,true,0.0,true,false,0.0)),Vector(body-013101-2013001313378-0-3103701),Some(BIKE),Some(731-1),BeamLeg(WALK @ 61106,dur:0,path: ) -> [0riders;0boarders;0alighters],0,true,0.0,0,None)",61106.0,625727
2188250,transition,population/013101-2013001313378-0,013101-2013001313378-0-3103701,population/013101-2013001313378-0,013101-2013001313378-0-3103701,PassengerScheduleEmpty,ProcessingNextLegOrStartActivity,61106.0,625727
2188252,event,population/013101-2013001313378-0,013101-2013001313378-0-3103701,population/013101-2013001313378-0,013101-2013001313378-0-3103701,"PassengerScheduleEmptyMessage(SpaceTime([x=550472.4505158953][y=4183261.203566383],61106),0.0,625727,Some(FuelConsumed(0.0,0.0)))","BasePersonData(1,Some(EmbodiedBeamTrip(BIKE starts 60840 legModes WALK,BIKE,WALK)),List(EmbodiedBeamLeg(BeamLeg(WALK @ 61106,dur:0,path: ),body-013101-2013001313378-0-3103701,BODY-TYPE-DEFAULT,true,0.0,true,false,0.0)),Vector(body-013101-2013001313378-0-3103701),Some(BIKE),Some(731-1),BeamLeg(WALK @ 61106,dur:0,path: ) -> [0riders;0boarders;0alighters],1,true,0.0,0,None)",61106.0,625727
2188253,event,population/013101-2013001313378-0,013101-2013001313378-0-3103701,population/013101-2013001313378-0,013101-2013001313378-0-3103701,"NotifyVehicleIdle(body-013101-2013001313378-0-3103701,SpaceTime([x=550472.4505158953][y=4183261.203566383],61106),BeamLeg(WALK @ 61106,dur:0,path: ) -> [0riders;0boarders;0alighters],BeamVehicleState(2210000.0,None,41698.11320754717,None,None,None),None,625727)","BasePersonData(1,Some(EmbodiedBeamTrip(BIKE starts 60840 legModes WALK,BIKE,WALK)),List(),Vector(),Some(BIKE),Some(731-1),BeamLeg(WALK @ 61106,dur:0,path: ) -> [0riders;0boarders;0alighters],1,true,0.0,0,None)",61106.0,625727
2188264,message,population/013101-2013001313378-0,013101-2013001313378-0-3103701,population/013101-2013001313378-0,Bike,"ReleaseVehicle(731-1 (FAST-BIKE,200.61479403773586km),-1111)",,,-1111
2188265,transition,population/013101-2013001313378-0,013101-2013001313378-0-3103701,population/013101-2013001313378-0,013101-2013001313378-0-3103701,ProcessingNextLegOrStartActivity,PerformingActivity,-1111.0,-1111
2188266,event,population/013101-2013001313378-0,013101-2013001313378-0-3103701,population/013101-2013001313378-0,013101-2013001313378-0-3103701,StateTimeout,"BasePersonData(1,Some(EmbodiedBeamTrip(BIKE starts 60840 legModes WALK,BIKE,WALK)),List(),Vector(),Some(BIKE),Some(731-1),BeamLeg(WALK @ 61106,dur:0,path: ) -> [0riders;0boarders;0alighters],1,true,0.0,0,None)",-1111.0,-1111
2188336,message,population/013101-2013001313378-0,013101-2013001313378-0-3103701,BeamMobsim.iteration,scheduler,"CompletionNotice(625727,Vector(ScheduleTrigger(ActivityEndTrigger(61706),Actor[akka://ClusterSystem/user/BeamMobsim.iteration/population/013101-2013001313378-0/013101-2013001313378-0-3103701#-1051906150],0)))",,,-9998
2220600,event,BeamMobsim.iteration,scheduler,population/013101-2013001313378-0,013101-2013001313378-0-3103701,"TriggerWithId(ActivityEndTrigger(61706),625750)","BasePersonData(2,None,List(),Vector(),None,None,BeamLeg(WALK @ 61106,dur:0,path: ) -> [0riders;0boarders;0alighters],1,false,0.0,0,None)",-1111.0,-1111
2220614,message,population/013101-2013001313378-0,013101-2013001313378-0-3103701,BeamMobsim.iteration,scheduler,"CompletionNotice(625750,Vector())",,,-9998
3275751,event,population,013101-2013001313378-0,population/013101-2013001313378-0,013101-2013001313378-0-3103701,Finish,"BasePersonData(2,None,List(),Vector(),None,None,BeamLeg(WALK @ 61106,dur:0,path: ) -> [0riders;0boarders;0alighters],1,false,0.0,0,None)",-1111.0,-1111
